Unnamed: 0,text,label
6330,everything is off .,0
6911,"the film has too many spots where it's on slippery footing , but is acceptable entertainment for the entire family and one that's especially fit for the kiddies .",0
2572,"but tongue-in-cheek preposterousness has always been part of for the most part wilde's droll whimsy helps "" being earnest "" overcome its weaknesses and parker's creative interference . . .",1
5771,poor ben bratt couldn't find stardom if mapquest emailed him point-to-point driving directions .,0
3121,among the year's most intriguing explorations of alientation .,1
4172,"though it inspires some ( out-of-field ) creative thought , the film is -- to its own detriment -- much more a cinematic collage than a polemical tract .",0
4690,"lucas has in fact come closer than anyone could desire to the cheap , graceless , hackneyed sci-fi serials of the '30s and '40s .",0
2957,"an overly familiar scenario is made fresh by an intelligent screenplay and gripping performances in this low-budget , video-shot , debut indie effort .",1
5625,"the effort is sincere and the results are honest , but the film is so bleak that it's hardly watchable .",0
747,"evokes the style and flash of the double-cross that made mamet's "" house of games "" and last fall's "" heist "" so much fun .",1
5447,"solondz may be convinced that he has something significant to say , but he isn't talking a talk that appeals to me .",0
3123,the film often achieves a mesmerizing poetry .,1
6986,"as with too many studio pics , plot mechanics get in the way of what should be the lighter-than-air adventure .",0
1825,"the movie is a blast of educational energy , as bouncy animation and catchy songs escort you through the entire 85 minutes .",1
2917,the difference between cho and most comics is that her confidence in her material is merited .,1
6080,"if you're really renting this you're not interested in discretion in your entertainment choices , you're interested in anne geddes , john grisham , and thomas kincaid .",0
286,buy popcorn . take nothing seriously and enjoy the ride .,1
6374,the characters are paper thin and the plot is so cliched and contrived that it makes your least favorite james bond movie seem as cleverly plotted as the usual suspects .,0
2756,transforms one of [shakespeare's] deepest tragedies into a smart new comedy .,1
1299,"for those in search of something different , wendigo is a genuinely bone-chilling tale .",1
2690,"rich in detail , gorgeously shot and beautifully acted , les destinees is , in its quiet , epic way , daring , inventive and refreshingly unusual .",1
5572,propelled not by characters but by caricatures .,0
435,"though it is by no means his best work , laissez-passer is a distinguished and distinctive effort by a bona-fide master , a fascinating film replete with rewards to be had by all willing to make the effort to reap them .",1
5693,"a horrible , 99-minute stink bomb .",0
1552,like a poor man's you can count on me,1
1022,"on this tricky topic , tadpole is very much a step in the right direction , with its blend of frankness , civility and compassion .",1
2793,"katz uses archival footage , horrifying documents of lynchings , still photographs and charming old reel-to-reel recordings of meeropol entertaining his children to create his song history , but most powerful of all is the song itself",1
431,"stands as one of the year's most intriguing movie experiences , letting its imagery speak for it while it forces you to ponder anew what a movie can be .",1
3434,"tully is in many ways the perfect festival film : a calm , self-assured portrait of small town regret , love , duty and friendship that appeals to the storytelling instincts of a slightly more literate filmgoing audience .",1
1460,"it's a pleasure to see seinfeld griping about the biz with buddies chris rock , garry shandling and colin quinn .",1
3704,best described as i know what you did last winter .,0
1086,less front-loaded and more shapely than the two-hour version released here in 1990 .,1
428,". . . brian de palma is utterly mad : cinema mad , set-piece mad , style mad . it's a beautiful madness .",1
265,"it strikes hardest… when it reminds you how pertinent its dynamics remain . fifty years after the fact , the world's political situation seems little different , and [director phillip] noyce brings out the allegory with remarkable skill .",1
3041,blanchett's performance confirms her power once again .,1
254,"a journey spanning nearly three decades of bittersweet camaraderie and history , in which we feel that we truly know what makes holly and marina tick , and our hearts go out to them as both continue to negotiate their imperfect , love-hate relationship .",1
176,"there's a disreputable air about the whole thing , and that's what makes it irresistible .",1
5394,a benign but forgettable sci-fi diversion .,0
5141,"[evans is] a fascinating character , and deserves a better vehicle than this facetious smirk of a movie .",0
5905,"in a big corner office in hell , satan is throwing up his hands in surrender , is firing his r&d people , and has decided he will just screen the master of disguise 24/7 .",0
2346,"a sensitive , moving , brilliantly constructed work .",1
6797,"it's tough , astringent , darkly funny and . . . well , it's also generic , untidy , condescending and mild of impact rather than stunning .",0
6127,the rock has a great presence but one battle after another is not the same as one battle followed by killer cgi effects .,0
552,an intelligently made ( and beautifully edited ) picture that at the very least has a spark of life to it -- more than you can say for plenty of movies that flow through the hollywood pipeline without a hitch .,1
2673,a classic fairy tale that perfectly captures the wonders and worries of childhood in a way that few movies have ever approached .,1
4804,it would be hard to think of a recent movie that has worked this hard to achieve this little fun .,0
4208,"they presume their audience won't sit still for a sociology lesson , however entertainingly presented , so they trot out the conventional science-fiction elements of bug-eyed monsters and futuristic women in skimpy clothes .",0
3857,"a tired , unnecessary retread . . . a stale copy of a picture that wasn't all that great to begin with .",0
3981,[seems] even more uselessly redundant and shamelessly money-grubbing than most third-rate horror sequels .,0
2956,a pleasant piece of escapist entertainment .,1
4057,"just another disjointed , fairly predictable psychological thriller .",0
4548,an uneasy mix of run-of-the-mill raunchy humor and seemingly sincere personal reflection .,0
4580,koepp's screenplay isn't nearly surprising or clever enough to sustain a reasonable degree of suspense on its own .,0
3661,"if only it were , well , funnier .",0
5596,"fincher takes no apparent joy in making movies , and he gives none to the audience .",0
1095,"boasts a handful of virtuosic set pieces and offers a fair amount of trashy , kinky fun .",1
2634,"as blunt as it is in depicting child abuse , el bola is a movie steeped in an ambiguity that lends its conflicts a symbolic resonance .",1
5530,jonathan parker's bartleby should have been the be-all-end-all of the modern-office anomie films .,0
2426,"return to never land is reliable , standard disney animated fare , with enough creative energy and wit to entertain all ages .",1
2573,". . . strips bible stores of the potential for sanctimoniousness , making them meaningful for both kids and church-wary adults .",1
4002,"oedekerk mugs mercilessly , and the genuinely funny jokes are few and far between .",0
4915,there isn't one moment in the film that surprises or delights .,0
3213,"it's sweet , funny , charming , and completely delightful .",1
500,"what's not to like about a movie with a 'children's' song that includes the line 'my stepdad's not mean , he's just adjusting' ?",1
911,"reminiscent of alfred hitchcock's thrillers , most of the scary parts in 'signs' occur while waiting for things to happen .",1
5791,"solaris "" is a shapeless inconsequential move relying on the viewer to do most of the work .",0
529,"the vitality of the actors keeps the intensity of the film high , even as the strafings blend together .",1
5776,"interminably bleak , to say nothing of boring .",0
2809,"it's fun , splashy and entertainingly nasty .",1
6617,this formulaic chiller will do little to boost stallone's career .,0
905,"hoffman notches in the nuances of pain , but his smart , edgy voice and waddling profile ( emphasized here ) accent the humor of wilson's plight , and that saves his pathos from drippiness .",1
5799,"by the time you reach the finale , you're likely wondering why you've been watching all this strutting and posturing .",0
5164,an ultra-low-budget indie debut that smacks more of good intentions than talent .,0
1322,"rich in atmosphere of the post-war art world , it manages to instruct without reeking of research library dust .",1
4125,dense and enigmatic . . . elusive . . . stagy and stilted,0
1261,"far from heaven is a dazzling conceptual feat , but more than that , it's a work of enthralling drama .",1
6318,love liza is a festival film that would have been better off staying on the festival circuit .,0
4871,it's rare that a movie can be as intelligent as this one is in every regard except its storyline ; everything that's good is ultimately scuttled by a plot that's just too boring and obvious .,0
3526,"the climactic events are so well realized that you may forget all about the original conflict , just like the movie does",1
188,"an amusing , breezily apolitical documentary about life on the campaign trail .",1
4523,you see robert de niro singing - and dancing to - west side story show tunes . choose your reaction : a . ) that sure is funny ! b . ) that sure is pathetic !,0
1703,'enigma' is the kind of engaging historical drama that hollywood appears to have given up on in favor of sentimental war movies in the vein of 'we were soldiers . ',1
2546,"exquisitely acted and masterfully if preciously interwoven… [the film] addresses in a fascinating , intelligent manner the intermingling of race , politics and local commerce .",1
2408,"this starts off with a 1950's doris day feel and it gets very ugly , very fast . the first five minutes will have you talking 'til the end of the year !",1
6982,"the weird thing about the santa clause 2 , purportedly a children's movie , is that there is nothing in it to engage children emotionally .",0
6850,"godard uses his characters -- if that's not too glorified a term -- as art things , mouthpieces , visual motifs , blanks .",0
4768,"resident evil is what comes from taking john carpenter's ghosts of mars and eliminating the beheadings . in other words , about as bad a film you're likely to see all year .",0
1918,worth the effort to watch .,1
6534,a terrible movie that some people will nevertheless find moving .,0
1610,fred schepisi's tale of four englishmen facing the prospect of their own mortality views youthful affluence not as a lost ideal but a starting point .,1
5328,"if you believe any of this , i can make you a real deal on leftover enron stock that will double in value a week from friday .",0
5601,de niro cries . you'll cry for your money back .,0
4436,"davis has energy , but she doesn't bother to make her heroine's book sound convincing , the gender-war ideas original , or the comic scenes fly .",0
3970,"somewhere inside the mess that is world traveler , there is a mediocre movie trying to get out .",0
1320,"a sad , superior human comedy played out on the back roads of life .",1
5592,"children , christian or otherwise , deserve to hear the full story of jonah's despair -- in all its agonizing , catch-22 glory -- even if they spend years trying to comprehend it .",0
3421,"maud and roland's search for an unknowable past makes for a haunting literary detective story , but labute pulls off a neater trick in possession : he makes language sexy .",1
6798,"for those of us who respond more strongly to storytelling than computer-generated effects , the new star wars installment hasn't escaped the rut dug by the last one .",0
1713,lee jeong-hyang tells it so lovingly and films it so beautifully that i couldn't help being captivated by it .,1
5534,". . . an airless , prepackaged julia roberts wannabe that stinks so badly of hard-sell image-mongering you'll wonder if lopez's publicist should share screenwriting credit .",0
5035,the movie is as padded as allen's jelly belly .,0
3653,[sen's] soap opera-ish approach undermines his good intentions .,0
380,insanely hilarious ! i haven't laughed that hard in years !,1
1528,the filmmakers skillfully evoke the sense of menace that nature holds for many urban dwellers .,1
5167,"overwrought , melodramatic bodice-ripper .",0
3133,"conceptually brilliant . . . plays like a living-room war of the worlds , gaining most of its unsettling force from the suggested and the unknown .",1
5367,. . . too gory to be a comedy and too silly to be an effective horror film .,0
1133,"if it's not entirely memorable , the movie is certainly easy to watch .",1
2411,"quando tiros em columbine acerta o alvo ( com o perdão do trocadilho ) , não há como negar o brilhantismo da argumentação de seu diretor .",1
1329,there was time on that second round to see the subtleties of ramsay's portrait of grief .,1
6633,"[janey] forgets about her other obligations , leading to a tragedy which is somehow guessable from the first few minutes , maybe because it echoes the by now intolerable morbidity of so many recent movies .",0
670,manages to please its intended audience -- children -- without placing their parents in a coma-like state .,1
4324,all prints of this film should be sent to and buried on pluto .,0
5280,"the movie attempts to mine laughs from a genre -- the gangster/crime comedy -- that wore out its welcome with audiences several years ago , and its cutesy reliance on movie-specific cliches isn't exactly endearing .",0
1489,somehow ms . griffiths and mr . pryce bring off this wild welsh whimsy .,1
4863,full of the kind of obnoxious chitchat that only self-aware neurotics engage in .,0
2007,"an enthralling , playful film that constantly frustrates our desire to know the 'truth' about this man , while deconstructing the very format of the biography in a manner that derrida would doubtless give his blessing to .",1
4787,[a] rather thinly-conceived movie .,0
2505,"would you laugh if a tuba-playing dwarf rolled down a hill in a trash can ? do you chuckle at the thought of an ancient librarian whacking a certain part of a man's body ? if you answered yes , by all means enjoy the new guy .",1
1864,"feature debuter d . j . caruso directs a crack ensemble cast , bringing screenwriter tony gayton's narcotics noir to life .",1
2403,"i had a dream that a smart comedy would come along to rescue me from a summer of teen-driven , toilet-humor codswallop , and its name was earnest .",1
2523,farrell . . . thankfully manages to outshine the role and successfully plays the foil to willis's world-weary colonel .,1
6518,"the characters , cast in impossibly contrived situations , are totally estranged from reality .",0
6207,"amid the cliché and foreshadowing , cage manages a degree of casual realism . . . that is routinely dynamited by blethyn .",0
4344,"director yu seems far more interested in gross-out humor than in showing us well-thought stunts or a car chase that we haven't seen 10 , 000 times .",0
5316,"a perfect example of rancid , well-intentioned , but shamelessly manipulative movie making .",0
6926,"for most movies , 84 minutes is short , but this one feels like a life sentence .",0
5043,yet another entry in the sentimental oh-those-wacky-brits genre that was ushered in by the full monty and is still straining to produce another smash hit .,0
6357,"often lingers just as long on the irrelevant as on the engaging , which gradually turns what time is it there ? into how long is this movie ?",0
6591,"the only upside to all of this unpleasantness is , given its labor day weekend upload , feardotcom should log a minimal number of hits .",0
6693,isn't it a bit early in his career for director barry sonnenfeld to do a homage to himself ? and it's a lousy one at that .,0
2508,"the asylum material is gripping , as are the scenes of jia with his family .",1
4240,the movie just has too much on its plate to really stay afloat for its just under ninety minute running time .,0
2310,"it may not be as cutting , as witty or as true as back in the glory days of weekend and two or three things i know about her , but who else engaged in filmmaking today is so cognizant of the cultural and moral issues involved in the process ?",1
4514,"it leers , offering next to little insight into its intriguing subject .",0
4516,"with an unusual protagonist ( a kilt-wearing jackson ) and subject matter , the improbable "" formula 51 "" is somewhat entertaining , but it could have been much stronger .",0
5217,"it's just too bad the screenwriters eventually shoot themselves in the feet with cop flick cliches like an oily arms dealer , squad car pile-ups and the requisite screaming captain .",0
5319,"terminally bland , painfully slow and needlessly confusing . . . the movie , shot on digital videotape rather than film , is frequently indecipherable .",0
6349,"here , common sense flies out the window , along with the hail of bullets , none of which ever seem to hit sascha .",0
6535,"very special effects , brilliantly bold colors and heightened reality can't hide the giant achilles' heel in "" stuart little 2 "" : there's just no story , folks .",0
2858,"by presenting an impossible romance in an impossible world , pumpkin dares us to say why either is impossible -- which forces us to confront what's possible and what we might do to make it so .",1
7033,"what is 100% missing here is a script of even the most elemental literacy , an inkling of genuine wit , and anything resembling acting .",0
2993,"this is the kind of subject matter that could so easily have been fumbled by a lesser filmmaker , but ayres makes the right choices at every turn .",1
616,very well-written and very well-acted .,1
2739,"a cartoon that's truly cinematic in scope , and a story that's compelling and heartfelt -- even if the heart belongs to a big , four-legged herbivore .",1
691,"( a ) hollywood sheen bedevils the film from the very beginning . . . ( but ) lohman's moist , deeply emotional eyes shine through this bogus veneer . . .",1
3362,"with spy kids 2 : the island of lost dreams , however , robert rodriguez adorns his family-film plot with an elegance and maturity that even most contemporary adult movies are lacking .",1
6587,"plods along , minus the twisted humor and eye-popping visuals that have made miike . . . a cult hero .",0
1473,"the spaniel-eyed jean reno infuses hubert with a mixture of deadpan cool , wry humor and just the measure of tenderness required to give this comic slugfest some heart .",1
5455,"there are a few laughs and clever sight gags scattered about , but not enough to make this anything more than another big-budget bust .",0
6774,the one not-so-small problem with expecting is that the entire exercise has no real point .,0
5902,a great script brought down by lousy direction . same guy with both hats . big mistake .,0
4369,an imponderably stilted and self-consciously arty movie .,0
2639,"the diversity of the artists represented , both in terms of style and ethnicity , prevents the proceedings from feeling repetitious , as does the appropriately brief 40-minute running time .",1
3134,"lee's achievement extends to his supple understanding of the role that brown played in american culture as an athlete , a movie star , and an image of black indomitability .",1
2,"even if the naipaul original remains the real masterpiece , the movie possesses its own languorous charm .",1
2968,the directive to protect the code at all costs also begins to blur as the importance of the man and the code merge,1
2671,"if a horror movie's primary goal is to frighten and disturb , then they works spectacularly well . . . a shiver-inducing , nerve-rattling ride .",1
578,"koury frighteningly and honestly exposes one teenager's uncomfortable class resentment and , in turn , his self-inflicted retaliation .",1
1230,"a hugely rewarding experience that's every bit as enlightening , insightful and entertaining as grant's two best films -- four weddings and a funeral and bridget jones's diary .",1
2762,"what's surprising about full frontal is that despite its overt self-awareness , parts of the movie still manage to break past the artifice and thoroughly engage you .",1
1210,"[d]espite its familiar subject matter , ice age is consistently amusing and engrossing . . .",1
5216,. . . the sum of the parts equals largely a confused mediocrity .,0
2620,the gentle comic treatment of adolescent sturm und drang should please fans of chris fuhrman's posthumously published cult novel .,1
6762,it's lazy for a movie to avoid solving one problem by trying to distract us with the solution to another .,0
4555,"frankly , it's kind of insulting , both to men and women . and it's not that funny -- which is just generally insulting .",0
2662,a winning comedy with its wry observations about long-lived friendships and the ways in which we all lose track of ourselves by trying to please others .,1
4385,"parker probably thinks he's shaking up a classic the way kenneth branagh and baz luhrmann have , but this half-hearted messing-about just makes us miss wilde's still-contemporary play .",0
2256,"an incredibly thoughtful , deeply meditative picture that neatly and effectively captures the debilitating grief felt in the immediate aftermath of the terrorist attacks .",1
1055,"together , miller , kuras and the actresses make personal velocity into an intricate , intimate and intelligent journey .",1
362,"in an era where big stars and high production values are standard procedure , narc strikes a defiantly retro chord , and outpaces its contemporaries with daring and verve .",1
6826,"johnson has , in his first film , set himself a task he is not nearly up to .",0
5013,the darker elements of misogyny and unprovoked violence suffocate the illumination created by the two daughters and the sparse instances of humor meant to shine through the gloomy film noir veil .,0
6334,"the cumulative effect of watching this 65-minute trifle is rather like being trapped while some weird relative trots out the video he took of the family vacation to stonehenge . before long , you're desperate for the evening to end .",0
5639,this movie seems to have been written using mad-libs . there can be no other explanation . hilariously inept and ridiculous .,0
2849,"this ecologically minded , wildlife friendly film teaches good ethics while entertaining with its unconventionally wacky but loving family",1
6598,"the movie obviously seeks to re-create the excitement of such '50s flicks as jules verne's '20 , 000 leagues under the sea' and the george pal version of h . g . wells' 'the time machine . ' but its storytelling prowess and special effects are both listless .",0
6537,don't be fooled by the impressive cast list - eye see you is pure junk .,0
5456,most of the action setups are incoherent .,0
1363,"this film seems thirsty for reflection , itself taking on adolescent qualities .",1
3625,"the pacing is glacial , the screenplay is stiff as a board , and things heat up only in the movie's final scenes .",0
5981,a well made indieflick in need of some trims and a more chemistry between its stars .,0
4331,"there's something deeply creepy about never again , a new arrow in schaeffer's quiver of ineptitudes .",0
2047,"sure , i hated myself in the morning . but then again , i hate myself most mornings . i still like moonlight mile , better judgment be damned .",1
3848,"like life on the island , the movie grows boring despite the scenery .",0
3899,john leguizamo may be a dramatic actor -- just not in this movie .,0
4318,"directed by kevin bray , whose crisp framing , edgy camera work , and wholesale ineptitude with acting , tone and pace very obviously mark him as a video helmer making his feature debut .",0
488,"george clooney , in his first directorial effort , presents this utterly ridiculous shaggy dog story as one of the most creative , energetic and original comedies to hit the screen in years .",1
1694,"the seaside splendor and shallow , beautiful people are nice to look at while you wait for the story to get going .",1
2312,will warm your heart without making you feel guilty about it .,1
6968,to show these characters in the act and give them no feelings of remorse -- and to cut repeatedly to the flashback of the original rape -- is overkill to the highest degree .,0
5233,"frida is certainly no disaster , but neither is it the kahlo movie frida fans have been looking for .",0
692,"even as it pays earnest homage to turntablists and beat jugglers , old schoolers and current innovators , scratch is great fun , full of the kind of energy it's documenting .",1
3614,"hill looks to be going through the motions , beginning with the pale script .",0
5357,this stuck pig of a movie flails limply between bizarre comedy and pallid horror .,0
5495,"just like every other seagal movie , only louder and without that silly ponytail .",0
3345,if you enjoy more thoughtful comedies with interesting conflicted characters ; this one is for you .,1
3205,"in death to smoochy , we don't get williams' usual tear and a smile , just sneers and bile , and the spectacle is nothing short of refreshing .",1
3235,"tully is worth a look for its true-to-life characters , its sensitive acting , its unadorned view of rural life and the subtle direction of first-timer hilary birmingham .",1
1836,"[cho's face is] an amazing slapstick instrument , creating a scrapbook of living mug shots .",1
3757,"die another day is only intermittently entertaining but it's hard not to be a sucker for its charms , or perhaps it's just impossible not to feel nostalgia for movies you grew up with .",0
4729,"the tale of tok ( andy lau ) , a sleek sociopath on the trail of o ( takashi sorimachi ) , the most legendary of asian hitmen , is too scattershot to take hold .",0
359,"it is ridiculous , of course . . . but it is also refreshing , disarming , and just outright enjoyable despite its ridiculousness .",1
1693,p . t . anderson understands the grandness of romance and how love is the great equalizer that can calm us of our daily ills and bring out joys in our lives that we never knew were possible .,1
1660,the film jolts the laughs from the audience--as if by cattle prod .,1
3910,serving sara should be served an eviction notice at every theater stuck with it .,0
492,a taut psychological thriller that doesn't waste a moment of its two-hour running time .,1
64,"nettelbeck has crafted an engaging fantasy of flavours and emotions , one part romance novel , one part recipe book .",1
5387,"a serious movie with serious ideas . but seriously , folks , it doesn't work .",0
5124,the attempt to build up a pressure cooker of horrified awe emerges from the simple fact that the movie has virtually nothing to show .,0
614,"there are times when you wish that the movie had worked a little harder to conceal its contrivances , but brown sugar turns out to be a sweet and enjoyable fantasy .",1
4513,feels less like a cousin to blade runner than like a bottom-feeder sequel in the escape from new york series .,0
2175,easily the most thoughtful fictional examination of the root causes of anti-semitism ever seen on screen .,1
1858,the director explores all three sides of his story with a sensitivity and an inquisitiveness reminiscent of truffaut .,1
5846,murphy and wilson actually make a pretty good team . . . but the project surrounding them is distressingly rote .,0
4981,"i didn't find much fascination in the swinging . what they're doing is a matter of plumbing arrangements and mind games , of no erotic or sensuous charge . but that they are doing it is thought-provoking .",0
3414,"the attraction between these two marginal characters is complex from the start -- and , refreshingly , stays that way .",1
5751,"john carlen's script is full of unhappy , two-dimensional characters who are anything but compelling .",0
2926,"scherfig , the writer-director , has made a film so unabashedly hopeful that it actually makes the heart soar . yes , soar .",1
3492,the film is impressive for the sights and sounds of the wondrous beats the world has to offer .,1
2160,"in its dry and forceful way , it delivers the same message as jiri menzel's closely watched trains and danis tanovic's no man's land .",1
6886,"the script is a tired one , with few moments of joy rising above the stale material .",0
405,"despite an overwrought ending , the film works as well as it does because of the performances .",1
3515,steers has an unexpectedly adamant streak of warm-blooded empathy for all his disparate manhattan denizens--especially the a * * holes .,1
4541,"will probably stay in the shadow of its two older , more accessible qatsi siblings .",0
5936,"despite its promising cast of characters , big trouble remains a loosely tied series of vignettes which only prove that 'zany' doesn't necessarily mean 'funny . '",0
1879,cho continues her exploration of the outer limits of raunch with considerable brio .,1
5798,"donovan . . . squanders his main asset , jackie chan , and fumbles the vital action sequences .",0
5631,"it winds up moving in many directions as it searches ( vainly , i think ) for something fresh to say .",0
4041,"'men in black ii creates a new threat for the mib , but recycles the same premise .",0
4771,"the result is good gossip , entertainingly delivered , yet with a distinctly musty odour , its expiry date long gone .",0
3141,it's a glorious spectacle like those d . w . griffith made in the early days of silent film .,1
1426,if you open yourself up to mr . reggio's theory of this imagery as the movie's set . . . it can impart an almost visceral sense of dislocation and change .,1
453,"few films have captured the chaos of an urban conflagration with such fury , and audience members will leave feeling as shaken as nesbitt's cooper looks when the bullets stop flying .",1
1387,"the leaping story line , shaped by director peter kosminsky into sharp slivers and cutting impressions , shows all the signs of rich detail condensed into a few evocative images and striking character traits .",1
1978,"it would be interesting to hear from the other side , but in talk to her , the women are down for the count .",1
4824,. . . too dull to enjoy .,0
2161,"an undeniably gorgeous , terminally smitten document of a troubadour , his acolytes , and the triumph of his band .",1
5969,a movie like the guys is why film criticism can be considered work .,0
589,the script manages the rare trick of seeming at once both refreshingly different and reassuringly familiar .,1
3097,"the director , mark pellington , does a terrific job conjuring up a sinister , menacing atmosphere though unfortunately all the story gives us is flashing red lights , a rattling noise , and a bump on the head .",1
7039,what a great shame that such a talented director as chen kaige has chosen to make his english-language debut with a film so poorly plotted and scripted .,0
6618,"the cold and dreary weather is a perfect metaphor for the movie itself , which contains few laughs and not much drama .",0
6188,phoned-in business as usual .,0
478,it's never dull and always looks good .,1
1325,i had more fun watching spy than i had with most of the big summer movies .,1
3913,". . . has about 3/4th the fun of its spry 2001 predecessor — but it's a rushed , slapdash , sequel-for-the-sake- of-a-sequel with less than half the plot and ingenuity .",0
1637,a moving and weighty depiction of one family's attempts to heal after the death of a child .,1
1834,it's refreshing to see a romance this smart .,1
5765,"whenever you think you've seen the end of the movie , we cut to a new scene , which also appears to be the end . but , no , we get another scene , and then another . you begin to long for the end credits as the desert does for rain .",0
7076,"so routine , familiar and predictable , it raises the possibility that it wrote itself as a newly automated final draft computer program .",0
2109,"it has a way of seeping into your consciousness , with lingering questions about what the film is really getting at .",1
5031,"every visual joke is milked , every set-up obvious and lengthy , every punchline predictable . there's no energy .",0
6462,"for all the complications , it's all surprisingly predictable .",0
7052,the film's stagecrafts are intimate and therefore bolder than the otherwise calculated artifice that defines and overwhelms the film's production design .,0
3525,"faithful without being forceful , sad without being shrill , "" a walk to remember "" succeeds through sincerity .",1
1323,an excellent romp that boasts both a heart and a mind .,1
2591,"the movie's seams may show . . . but pellington gives "" mothman "" an irresistibly uncanny ambience that goes a long way toward keeping the picture compelling .",1
282,"charles' entertaining film chronicles seinfeld's return to stand-up comedy after the wrap of his legendary sitcom , alongside wannabe comic adams' attempts to get his shot at the big time .",1
5830,hit and miss as far as the comedy goes and a big ole' miss in the way of story .,0
2209,a properly spooky film about the power of spirits to influence us whether we believe in them or not .,1
6446,another useless recycling of a brutal mid-'70s american sports movie .,0
4602,"the direction occasionally rises to the level of marginal competence , but for most of the film it is hard to tell who is chasing who or why .",0
651,"what the movie lacks in action it more than makes up for in drama , suspense , revenge , and romance .",1
5521,meanders between its powerful moments .,0
3828,it's difficult to discern if this is a crazy work of disturbed genius or merely 90 minutes of post-adolescent electra rebellion .,0
5344,"beneath the uncanny , inevitable and seemingly shrewd facade of movie-biz farce . . . lies a plot cobbled together from largely flat and uncreative moments .",0
4314,"imagine ( if possible ) a pasolini film without passion or politics , or an almodovar movie without beauty or humor , and you have some idea of the glum , numb experience of watching o fantasma .",0
817,"i found myself liking the film , though in this case one man's treasure could prove to be another man's garbage .",1
299,you never know where changing lanes is going to take you but it's a heck of a ride . samuel l . jackson is one of the best actors there is .,1
2298,the rare imax movie that you'll wish was longer than an hour .,1
2589,"a thoroughly engaging , surprisingly touching british comedy .",1
5492,"if oscar had a category called best bad film you thought was going to be really awful but wasn't , guys would probably be duking it out with the queen of the damned for the honor .",0
6676,even die-hard fans of japanese animation . . . will find this one a challenge .,0
4699,"even by dumb action-movie standards , ballistic : ecks vs . sever is a dumb action movie .",0
5334,the ring just left me cold and wet like i was out in the seattle drizzle without rainwear .,0
5976,"it's clear the filmmakers weren't sure where they wanted their story to go , and even more clear that they lack the skills to get us to this undetermined destination .",0
1254,behan himself knew how to spin a tale and one can't help but think he'd appreciate this attempt to turn his life into art .,1
5726,"while this film has an 'a' list cast and some strong supporting players , the tale -- like its central figure , vivi -- is just a little bit hard to love .",0
144,"a resonant tale of racism , revenge and retribution .",1
5946,"a zippy 96 minutes of mediocre special effects , hoary dialogue , fluxing accents , and -- worst of all -- silly-looking morlocks .",0
3920,"even with harris's strong effort , the script gives him little to effectively probe lear's soul-stripping breakdown .",0
6251,the script feels as if it started to explore the obvious voyeuristic potential of 'hypertime' but then backed off when the producers saw the grosses for spy kids .,0
1853,"the appearance of treebeard and gollum's expanded role will either have you loving what you're seeing , or rolling your eyes . i loved it ! gollum's 'performance' is incredible !",1
6885,overburdened with complicated plotting and banal dialogue,0
6899,it's surprisingly bland despite the heavy doses of weird performances and direction .,0
2880,renner carries much of the film with a creepy and dead-on performance .,1
5807,"a horror movie with seriously dumb characters , which somewhat dilutes the pleasure of watching them stalked by creepy-crawly bug things that live only in the darkness .",0
4435,"impostor doesn't do much with its template , despite a remarkably strong cast .",0
292,adaptation is simply brilliant .,1
755,an elegant film with often surprising twists and an intermingling of naiveté and sophistication .,1
4475,snipes relies too much on a scorchingly plotted dramatic scenario for its own good .,0
2188,one of the most important and exhilarating forms of animated filmmaking since old walt doodled steamboat willie .,1
6225,"will only satisfy those who can't tell the difference between the good , the bad and the ugly .",0
4638,"welles groupie/scholar peter bogdanovich took a long time to do it , but he's finally provided his own broadside at publishing giant william randolph hearst .",0
3429,"insomnia is involving . still , i thought it could have been more .",1
2865,"that dogged good will of the parents and 'vain' jia's defoliation of ego , make the film touching despite some doldrums .",1
1685,"chalk it up to my adoration for both de niro and murphy , but i had a pretty good time with this movie - despite its myriad flaws .",1
3942,"while it's all quite tasteful to look at , the attention process tends to do a little fleeing of its own .",0
1910,there are some movies that hit you from the first scene and you know it's going to be a trip . igby goes down is one of those movies .,1
1310,"an unflinching , complex portrait of a modern israel that is rarely seen on-screen .",1
6829,"a determined , ennui-hobbled slog that really doesn't have much to say beyond the news flash that loneliness can make people act weird .",0
4050,the movie is virtually without context -- journalistic or historical . what's worse is that pelosi knows it .,0
1131,"strip it of all its excess debris , and you'd have a 90-minute , four-star movie . as it is , it's too long and unfocused .",1
5503,the situations and jokes are as predictable and as lowbrow as the endless pratfalls the boys take in their high heels .,0
1231,"williams creates a stunning , taxi driver-esque portrayal of a man teetering on the edge of sanity .",1
3192,"[ "" safe conduct "" ] is a long movie at 163 minutes but it fills the time with drama , romance , tragedy , bravery , political intrigue , partisans and sabotage . viva le resistance !",1
5020,a manipulative feminist empowerment tale thinly posing as a serious drama about spousal abuse .,0
6560,no telegraphing is too obvious or simplistic for this movie .,0
186,an exquisitely crafted and acted tale .,1
312,"maybe it is formula filmmaking , but there's nothing wrong with that if the film is well-crafted and this one is .",1
1520,"twenty years after its first release , e . t . remains the most wondrous of all hollywood fantasies -- and the apex of steven spielberg's misunderstood career .",1
1346,a portrait of an artist .,1
4081,"my precious new star wars movie is a lumbering , wheezy drag . . .",0
4434,"ice cube isn't quite out of ripe screwball ideas , but friday after next spreads them pretty thin .",0
438,"somewhat blurred , but kinnear's performance is razor sharp .",1
5556,avary's film never quite emerges from the shadow of ellis' book .,0
4425,paxton's uneven directorial debut fails to unlock the full potential of what is in many ways a fresh and dramatically substantial spin on the genre .,0
4758,"at times , however , dogtown and z-boys lapses into an insider's lingo and mindset that the uninitiated may find hard to follow , or care about .",0
1721,the movie understands like few others how the depth and breadth of emotional intimacy give the physical act all of its meaning and most of its pleasure .,1
93,"argento , at only 26 , brings a youthful , out-to-change-the-world aggressiveness to the project , as if she's cut open a vein and bled the raw film stock .",1
2478,a romantic comedy that operates by the rules of its own self-contained universe .,1
2001,"thanks to ice cube , benjamins feels an awful lot like friday in miami .",1
2320,"'no es la mejor cinta de la serie , ni la mejor con brosnan a la cabeza , pero de que entretiene ni duda cabe . '",1
521,a charming romantic comedy that is by far the lightest dogme film and among the most enjoyable .,1
3306,"as a girl-meets-girl romantic comedy , kissing jessica steinis quirky , charming and often hilarious . yet it's not quite the genre-busting film it's been hyped to be because it plays everything too safe .",1
6863,"high drama , disney-style - a wing and a prayer and a hunky has-been pursuing his castle in the sky .",0
2623,"if you're not into the pokemon franchise , this fourth animated movie in four years won't convert you -- or even keep your eyes open . but fans should have fun meeting a brand-new pokemon called celebi .",1
1374,it's a satisfying summer blockbuster and worth a look .,1
5779,"ultimately the , yes , snail-like pacing and lack of thematic resonance make the film more silly than scary , like some sort of martha stewart decorating program run amok .",0
2048,ramsay and morton fill this character study with poetic force and buoyant feeling .,1
479,. . . a series of tales told with the intricate preciseness of the best short story writing .,1
5925,"hope keeps arising that the movie will live up to the apparent skills of its makers and the talents of its actors , but it doesn't .",0
1882,"a rock-solid gangster movie with a fair amount of suspense , intriguing characters and bizarre bank robberies , plus a heavy dose of father-and-son dynamics .",1
4221,"the plot grows thin soon , and you find yourself praying for a quick resolution .",0
2045,"the trick when watching godard is to catch the pitch of his poetics , savor the pleasure of his sounds and images , and ponder the historical , philosophical , and ethical issues that intersect with them .",1
3786,resurrection has the dubious distinction of being a really bad imitation of the really bad blair witch project .,0
7016,"like all abstract art , the film does not make this statement in an easily accessible way , and -- unless prewarned -- it would be very possible for a reasonably intelligent person to sit through its tidal wave of imagery and not get this vision at all .",0
6068,a well-intentioned effort that's still too burdened by the actor's offbeat sensibilities for the earnest emotional core to emerge with any degree of accessibility .,0
4058,"loud , chaotic and largely unfunny .",0
5643,"it's as if you're watching a movie that was made in 1978 but not released then because it was so weak , and it has been unearthed and released now , when it has become even weaker .",0
3337,neatly constructed thriller .,1
5132,a nightmare date with a half-formed wit done a great disservice by a lack of critical distance and a sad trust in liberal arts college bumper sticker platitudes .,0
8,kiarostami has crafted a deceptively casual ode to children and managed to convey a tiny sense of hope .,1
4353,"it believes it's revealing some great human truths , when , in reality , it's churning ground that has long passed the point of being fertile .",0
5689,"imagine kevin smith , the blasphemous bad boy of suburban jersey , if he were stripped of most of his budget and all of his sense of humor . the result might look like vulgar .",0
5392,"just like the deli sandwich : lots of ham , lots of cheese , with a sickly sweet coating to disguise its excrescence until just after ( or during ) consumption of its second half .",0
3059,"if you want to see a train wreck that you can't look away from , then look no further , because here it is .",1
5208,"while the film misfires at every level , the biggest downside is the paucity of laughter in what's supposed to be a comedy .",0
3003,what sets this romantic comedy apart from most hollywood romantic comedies is its low-key way of tackling what seems like done-to-death material .,1
5964,"for its 100 minutes running time , you'll wait in vain for a movie to happen .",0
6245,i loved looking at this movie . i just didn't care as much for the story .,0
2476,the film's desire to be liked sometimes undermines the possibility for an exploration of the thornier aspects of the nature/nurture argument in regards to homosexuality .,1
1860,"para hitler , o mundo era sua tela ; e o horror , seu pincel . e max retrata este fato com elegante abandono , numa triste constatação da realidade histórica .",1
1790,"the culmination of everyone's efforts is given life when a selection appears in its final form [in "" last dance "" ] .",1
1687,"the message is that even the most unlikely can link together to conquer all kinds of obstacles , whether they be of nature , of man or of one another .",1
1795,a beautifully observed character piece .,1
6320,"both overstuffed and undernourished . . . the film can't be called a solid success , although there's plenty of evidence here to indicate clooney might have better luck next time .",0
6872,the movie keeps coming back to the achingly unfunny phonce and his several silly subplots .,0
5871,eisenstein lacks considerable brio for a film about one of cinema's directorial giants .,0
3510,director rob marshall went out gunning to make a great one .,1
5940,a suffocating rape-payback horror show that hinges on the subgenre's most enabling victim . . . and an ebullient affection for industrial-model meat freezers .,0
1650,"not everything in this ambitious comic escapade works , but coppola , along with his sister , sofia , is a real filmmaker . it must be in the genes .",1
2235,a decent-enough nail-biter that stands a good chance of being the big hit franklin needs to stay afloat in hollywood .,1
4497,"instead of hiding pinocchio from critics , miramax should have hidden it from everyone .",0
6124,"while van wilder may not be the worst national lampoon film , it's far from being this generation's animal house .",0
4373,there's no getting around the fact that this is revenge of the nerds revisited -- again .,0
4857,the only excitement comes when the credits finally roll and you get to leave the theater .,0
6381,decent but dull .,0
1765,i'd rather watch a rerun of the powerpuff girls,1
3541,the banter between calvin and his fellow barbers feels like a streetwise mclaughlin group . . . and never fails to entertain .,1
107,heaven is a haunting dramatization of a couple's moral ascension .,1
2182,a fun ride .,1
3214,"inherently caustic and oddly whimsical , the film chimes in on the grieving process and strangely draws the audience into the unexplainable pain and eccentricities that are attached to the concept of loss .",1
2776,"if this movie leaves you cool , it also leaves you intriguingly contemplative .",1
4418,"a fitfully amusing romp that , if nothing else , will appeal to fans of malcolm in the middle and its pubescent star , frankie muniz .",0
4698,'opening up' the play more has partly closed it down .,0
3028,one fantastic ( and educational ) documentary .,1
819,allen's underestimated charm delivers more goodies than lumps of coal .,1
5386,more of an intriguing curiosity than a gripping thriller .,0
4036,feels like the grittiest movie that was ever made for the lifetime cable television network .,0
6336,there's enough melodrama in this magnolia primavera to make pta proud yet director muccino's characters are less worthy of puccini than they are of daytime television .,0
6028,the plot is so predictable and sentimental that viewers are likely to lose interest before sandrine and her goats walk off into the sunset .,0
5638,"flashy , pretentious and as impenetrable as morvern's thick , working-class scottish accent .",0
3064,feeling like a dope has rarely been more fun than it is in nine queens .,1
5273,so brisk is wang's pacing that none of the excellent cast are given air to breathe .,0
677,"it's mildly entertaining , especially if you find comfort in familiarity . but it's hardly a necessary enterprise .",1
5079,"stupid , infantile , redundant , sloppy , over-the-top , and amateurish . yep , it's "" waking up in reno . "" go back to sleep .",0
3333,"in the affable maid in manhattan , jennifer lopez's most aggressive and most sincere attempt to take movies by storm , the diva shrewdly surrounds herself with a company of strictly a-list players .",1
6507,"as exciting as all this exoticism might sound to the typical pax viewer , the rest of us will be lulled into a coma .",0
5364,the problem with all of this : it's not really funny .,0
5613,the comedy is nonexistent .,0
6812,so lazy and slipshod it confuses the mere flashing of kinky soft-core imagery with naughty fun .,0
1868,george clooney proves he's quite a talented director and sam rockwell shows us he's a world-class actor with confessions of a dangerous mind .,1
6270,an excruciating demonstration of the unsalvageability of a movie saddled with an amateurish screenplay .,0
1380,10 minutes into the film you'll be white-knuckled and unable to look away .,1
4484,the campy results make mel brooks' borscht belt schtick look sophisticated .,0
2683,a quiet treasure -- a film to be savored .,1
4246,"the story is familiar from its many predecessors ; like them , it eventually culminates in the not-exactly -stunning insight that crime doesn't pay .",0
3420,a very charming and funny movie .,1
3719,the pace of the film is very slow ( for obvious reasons ) and that too becomes off-putting .,0
718,absorbing and disturbing -- perhaps more disturbing than originally intended -- but a little clarity would have gone a long way .,1
5060,"the story is predictable , the jokes are typical sandler fare , and the romance with ryder is puzzling .",0
5551,a movie that's about as overbearing and over-the-top as the family it depicts .,0
1971,wise and deadpan humorous .,1
3904,"if this silly little cartoon can inspire a few kids not to grow up to be greedy bastards , more power to it .",0
5231,"this isn't just the cliffsnotes version of nicholas nickleby , it's the cliffsnotes with pages missing .",0
3473,australia : land beyond time is an enjoyable big movie primarily because australia is a weirdly beautiful place .,1
6254,this film's relationship to actual tension is the same as what christmas-tree flocking in a spray can is to actual snow : a poor -- if durable -- imitation .,0
1801,this may be burns's strongest film since the brothers mcmullen .,1
96,anyone who ever fantasized about space travel but can't afford the $20 million ticket to ride a russian rocket should catch this imax offering .,1
3241,"not only a coming-of-age story and cautionary parable , but also a perfectly rendered period piece .",1
3329,[fincher's] camera sense and assured pacing make it an above-average thriller .,1
2414,"try as you might to scrutinize the ethics of kaufman's approach , somehow it all comes together to create a very compelling , sensitive , intelligent and almost cohesive piece of film entertainment .",1
5493,despite some gulps the film is a fuzzy huggy .,0
944,"as broad and cartoonish as the screenplay is , there is an accuracy of observation in the work of the director , frank novak , that keeps the film grounded in an undeniable social realism .",1
5640,an awkward hybrid of genres that just doesn't work .,0
1297,"real women may have many agendas , but it also will win you over , in a big way .",1
1250,"the ingenious construction ( adapted by david hare from michael cunningham's novel ) constantly flows forwards and back , weaving themes among three strands which allow us to view events as if through a prism",1
6875,rice is too pedestrian a filmmaker to bring any edge or personality to the rising place that would set it apart from other deep south stories .,0
4329,"the ethos of the chelsea hotel may shape hawke's artistic aspirations , but he hasn't yet coordinated his own dv poetry with the beat he hears in his soul .",0
5667,the script by vincent r . nebrida . . . tries to cram too many ingredients into one small pot .,0
2820,"creeps you out in high style , even if nakata did it better .",1
5637,"feels haphazard , as if the writers mistakenly thought they could achieve an air of frantic spontaneity by simply tossing in lots of characters doing silly stuff and stirring the pot .",0
6764,it's pretentious in a way that verges on the amateurish .,0
5345,"[lee] treats his audience the same way that jim brown treats his women -- as dumb , credulous , unassuming , subordinate subjects . and lee seems just as expectant of an adoring , wide-smiling reception .",0
2481,"everyone's insecure in lovely and amazing , a poignant and wryly amusing film about mothers , daughters and their relationships .",1
750,"with few respites , marshall keeps the energy humming , and his edits , unlike those in moulin rouge , are crisp and purposeful without overdoing it .",1
816,"with its hint of an awkward hitchcockian theme in tact , harmon's daunting narrative promotes a reasonable landscape of conflict and pathos to support the scattershot terrorizing tone",1
1486,broomfield reveals an ironic manifestation of institutionalized slavery that ties a black-owned record label with a white-empowered police force .,1
6187,"it's mildly interesting to ponder the peculiar american style of justice that plays out here , but it's so muddled and derivative that few will bother thinking it all through .",0
1304,you will likely prefer to keep on watching .,1
4631,it's not original enough .,0
421,reno himself can take credit for most of the movie's success . he's one of the few 'cool' actors who never seems aware of his own coolness .,1
2334,"efficient , suitably anonymous chiller .",1
3809,. . . the kind of movie you see because the theater has air conditioning .,0
1593,the tenderness of the piece is still intact .,1
3740,". . . while certainly clever in spots , this too-long , spoofy update of shakespeare's macbeth doesn't sustain a high enough level of invention .",0
4200,odd and weird .,0
1341,"qutting may be a flawed film , but it is nothing if not sincere .",1
4306,"a loud , ugly , irritating movie without any of its satirical salvos hitting a discernible target .",0
2554,"captures all the longing , anguish and ache , the confusing sexual messages and the wish to be a part of that elusive adult world .",1
3471,richard gere and diane lane put in fine performances as does french actor oliver martinez .,1
4441,"too long , and larded with exposition , this somber cop drama ultimately feels as flat as the scruffy sands of its titular community .",0
6577,"boy oh boy , it's a howler .",0
605,but this is not a movie about an inhuman monster ; it's about a very human one .,1
6573,a great ensemble cast can't lift this heartfelt enterprise out of the familiar .,0
6246,the movie's biggest shocks come from seeing former nymphette juliette lewis playing a salt-of-the-earth mommy named minnie and watching slim travel incognito in a ridiculous wig no respectable halloween costume shop would ever try to sell .,0
2135,it won't bust your gut -- and it's not intended to -- it's merely a blandly cinematic surgical examination of what makes a joke a joke .,1
1227,there has been much puzzlement among critics about what the election symbolizes . i believe the message is in the messenger : the agent is a woman .,1
7095,"while the material is slight , the movie is better than you might think .",0
4271,"samira makhmalbaf's new film blackboards is much like the ethos of a stream of consciousness , although , it's unfortunate for the viewer that the thoughts and reflections coming through are torpid and banal",0
3621,a solid film . . . but more conscientious than it is truly stirring .,0
6300,"the film is all over the place , really . it dabbles all around , never gaining much momentum .",0
3351,"a thoughtful , moving piece that faces difficult issues with honesty and beauty .",1
777,"it's jagger's bone-dry , mournfully brittle delivery that gives the film its bittersweet bite .",1
6921,has its moments -- and almost as many subplots .,0
3570,slackers' jokey approach to college education is disappointingly simplistic -- the film's biggest problem -- and there are no unforgettably stupid stunts or uproariously rude lines of dialogue to remember it by .,0
2341,"depending upon your reaction to this movie , you may never again be able to look at a red felt sharpie pen without disgust , a thrill , or the giggles .",1
6132,"the most horrific movie experience i've had since "" can't stop the music . "" it may as well be called "" jar-jar binks : the movie . "" it's that painful .",0
7100,the movie is too amateurishly square to make the most of its own ironic implications .,0
1612,a movie where story is almost an afterthought amidst a swirl of colors and inexplicable events .,1
6453,'sophisticated' viewers who refuse to admit that they don't like it will likely call it 'challenging' to their fellow sophisticates .,0
1644,"as a witness to several greek-american weddings -- but , happily , a victim of none -- i can testify to the comparative accuracy of ms . vardalos' memories and insights .",1
4798,"between bedroom scenes , viewers may find themselves wishing they could roll over and take a nap .",0
567,the quality of the art combined with the humor and intelligence of the script allow the filmmakers to present the biblical message of forgiveness without it ever becoming preachy or syrupy .,1
3445,"a smart , steamy mix of road movie , coming-of-age story and political satire .",1
4685,"a "" home alone "" film that is staged like "" rosemary's baby , "" but is not as well-conceived as either of those films .",0
6283,""" men in black ii , "" has all the earmarks of a sequel . the story is less vibrant , the jokes are a little lukewarm , but will anyone really care ?",0
2753,what better message than 'love thyself' could young women of any size receive ?,1
2422,u . s . audiences may find [attal and gainsbourg's] unfamiliar personas give the film an intimate and quaint reality that is a little closer to human nature than what hollywood typically concocts .,1
612,writer/director mark romanek spotlights the underlying caste system in america . it's a scathing portrayal .,1
4387,"when a set of pre-shooting guidelines a director came up with for his actors turns out to be cleverer , better written and of considerable more interest than the finished film , that's a bad sign . a very bad sign .",0
5040,the director seems to take an unseemly pleasure in [the characters'] misery and at the same time to congratulate himself for having the guts to confront it .,0
5298,ear-splitting exercise in formula crash-and-bash action .,0
1831,"the camera soars above the globe in dazzling panoramic shots that make the most of the large-screen format , before swooping down on a string of exotic locales , scooping the whole world up in a joyous communal festival of rhythm .",1
761,"alternating between facetious comic parody and pulp melodrama , this smart-aleck movie . . . tosses around some intriguing questions about the difference between human and android life .",1
1235,familiar but utterly delightful .,1
6107,"we have poignancy jostling against farce , thoughtful dialogue elbowed aside by one-liners , and a visual style that incorporates rotoscope animation for no apparent reason except , maybe , that it looks neat .",0
6585,"usually when i get this much syrup , i like pancakes to go with it .",0
4379,fails to bring as much to the table .,0
3909,"without the dark spookiness of crystal lake camp , the horror concept completely loses its creepy menace .",0
2370,one hour photo is an intriguing snapshot of one man and his delusions ; it's just too bad it doesn't have more flashes of insight .,1
5812,"the movie is dawn of the dead crossed with john carpenter's ghosts of mars , with zombies not as ghoulish as the first and trains not as big as the second .",0
3335,"it's a strange film , one that was hard for me to warm up to .",1
5390,sex with strangers will shock many with its unblinking frankness . but what is missing from it all is a moral . what is the filmmakers' point ? why did they deem it necessary to document all this emotional misery ?,0
4746,"dodgy mixture of cutesy romance , dark satire and murder mystery .",0
2429,"visually , 'santa clause 2' is wondrously creative .",1
4400,a poky and pseudo-serious exercise in sham actor workshops and an affected malaise .,0
3540,"it may seem long at 110 minutes if you're not a fan , because it includes segments of 12 songs at a reunion concert .",1
790,"the movie is brilliant , really . it is philosophy , illustrated through everyday events .",1
2748,will certainly appeal to asian cult cinema fans and asiaphiles interested to see what all the fuss is about .,1
900,"all right , so it's not a brilliant piece of filmmaking , but it is a funny ( sometimes hilarious ) comedy with a deft sense of humor about itself , a playful spirit and a game cast .",1
2384,"may take its sweet time to get wherever it's going , but if you have the patience for it , you won't feel like it's wasted yours .",1
4206,"so earnest and well-meaning , and so stocked with talent , that you almost forget the sheer , ponderous awfulness of its script .",0
3460,"a disoriented but occasionally disarming saga packed with moments out of an alice in wonderland adventure , a stalker thriller , and a condensed season of tv's big brother .",1
469,"it's an unusual , thoughtful bio-drama with a rich subject and some fantastic moments and scenes .",1
5050,"the self-serious equilibrium makes its point too well ; a movie , like life , isn't much fun without the highs and lows .",0
683,"if you like quirky , odd movies and/or the ironic , here's a fun one .",1
2615,"this isn't a stand up and cheer flick ; it's a sit down and ponder affair . and thanks to kline's superbly nuanced performance , that pondering is highly pleasurable .",1
1876,simultaneously heartbreakingly beautiful and exquisitely sad .,1
5525,"what madonna does here can't properly be called acting -- more accurately , it's moving and it's talking and it's occasionally gesturing , sometimes all at once .",0
3438,"old people will love this movie , and i mean that in the nicest possible way : last orders will touch the heart of anyone old enough to have earned a 50-year friendship .",1
1194,"sum "" is jack ryan's "" do-over . "" give credit to everyone from robinson down to the key grip that this bold move works . especially give credit to affleck .",1
3302,a thought-provoking look at how western foreign policy - however well intentioned - can wreak havoc in other cultures .,1
952,"the emperor's club , ruthless in its own placid way , finds one of our most conservative and hidebound movie-making traditions and gives it new texture , new relevance , new reality .",1
2728,the film runs on a little longer than it needs to -- muccino either doesn't notice when his story ends or just can't tear himself away from the characters -- but it's smooth and professional .,1
123,"despite its old-hat set-up and predictable plot , empire still has enough moments to keep it entertaining .",1
5948,a sloppy slapstick throwback to long gone bottom-of-the-bill fare like the ghost and mr . chicken .,0
4417,"frank capra played this story straight . but the 2002 film doesn't really believe in it , and breaks the mood with absurdly inappropriate 'comedy' scenes .",0
2445,"a bittersweet contemporary comedy about benevolent deception , which , while it may not rival the filmmaker's period pieces , is still very much worth seeing .",1
419,"13 conversations may be a bit too enigmatic and overly ambitious to be fully successful , but sprecher and her screenwriting partner and sister , karen sprecher , don't seem ever to run out of ideas .",1
2033,"possession is elizabeth barrett browning meets nancy drew , and it's directed by . . . neil labute . hmm .",1
5428,"meticulously mounted , exasperatingly well-behaved film , which ticks off kahlo's lifetime milestones with the dutiful precision of a tax accountant .",0
193,"entirely suspenseful , extremely well-paced and ultimately . . . dare i say , entertaining !",1
5999,"shows that jackie chan is getting older , and that's something i would rather live in denial about",0
776,"a work of intricate elegance , literary lyricism and profound common sense .",1
6835,a reality-snubbing hodgepodge .,0
6315,reeks of rot and hack work from start to finish .,0
2068,achieves a sort of filmic epiphany that revels in the true potential of the medium .,1
941,it helps that lil bow wow . . . tones down his pint-sized gangsta act to play someone who resembles a real kid .,1
2944,"this is an exercise in chilling style , and twohy films the sub , inside and out , with an eye on preserving a sense of mystery .",1
6724,the trappings of i spy are so familiar you might as well be watching a rerun .,0
6720,wait for pay per view or rental but don't dismiss barbershop out of hand .,0
909,"brutally honest and told with humor and poignancy , which makes its message resonate .",1
6450,can be classified as one of those 'alternate reality' movies . . . except that it would have worked so much better dealing in only one reality .,0
3642,"city by the sea is the cinematic equivalent of defensive driving : it's careful , conscientious and makes no major mistakes . but what saves lives on the freeway does not necessarily make for persuasive viewing .",0
1436,"stevenson's performance is at once clueless and fiercely committed , a volatile combination .",1
2594,"for the most part , it's a work of incendiary genius , steering clear of knee-jerk reactions and quick solutions .",1
2213,"the film is an earnest try at beachcombing verismo , but it would be even more indistinct than it is were it not for the striking , quietly vulnerable personality of ms . ambrose .",1
3750,"william shatner , as a pompous professor , is the sole bright spot . . .",0
6013,"i would have preferred a transfer down the hall to mr . holland's class for the music , or to robin williams's lecture so i could listen to a teacher with humor , passion , and verve .",0
2758,"though everything might be literate and smart , it never took off and always seemed static .",1
303,"shanghai ghetto , much stranger than any fiction , brings this unknown slice of history affectingly to life .",1
3383,"nonchalantly freaky and uncommonly pleasurable , warm water may well be the year's best and most unpredictable comedy .",1
4161,what happens when something goes bump in the night and nobody cares ?,0
2772,occasionally amateurishly made but a winsome cast and nice dialogue keeps it going .,1
4018,automatically pegs itself for the straight-to-video sci-fi rental shelf .,0
2604,a slight but sweet film .,1
3550,there are moments it can be heart-rending in an honest and unaffected ( and gentle ) way .,1
170,great fun both for sports aficionados and for ordinary louts whose idea of exercise is climbing the steps of a stadium-seat megaplex .,1
1937,"comedian , like its subjects , delivers the goods and audiences will have a fun , no-frills ride .",1
4304,. . . plays like somebody spliced random moments of a chris rock routine into what is otherwise a cliche-riddled but self-serious spy thriller .,0
1629,i'm not generally a fan of vegetables but this batch is pretty cute .,1
6652,ararat feels like a book report,0
6860,bullock's complete lack of focus and ability quickly derails the film,0
527,"a gentle blend of present day testimonials , surviving footage of burstein and his family performing , historical archives , and telling stills .",1
19,the fast runner' transports the viewer into an unusual space,1
5594,"just about all of the film is confusing on one level or another , making ararat far more demanding than it needs to be .",0
5391,". . . there's a choppy , surface-effect feeling to the whole enterprise .",0
5235,one of the more glaring signs of this movie's servitude to its superstar is the way it skirts around any scenes that might have required genuine acting from ms . spears .,0
3798,"the director , with his fake backdrops and stately pacing , never settles on a consistent tone .",0
2855,"the charm of revolution os is rather the way it introduces you to new , fervently held ideas and fanciful thinkers .",1
6544,it appears to have been modeled on the worst revenge-of-the-nerds clichés the filmmakers could dredge up .,0
1928,drumline ably captures the complicated relationships in a marching band .,1
783,"this is cool , slick stuff , ready to quench the thirst of an audience that misses the summer blockbusters .",1
6873,"this film was made to get laughs from the slowest person in the audience -- just pure slapstick with lots of inane , inoffensive screaming and exaggerated facial expressions .",0
6235,"sweet gentle jesus , did the screenwriters just do a cut-and-paste of every bad action-movie line in history ?",0
4372,"not everything in the film works , including its somewhat convenient ending .",0
6893,"as a rumor of angels reveals itself to be a sudsy tub of supernatural hokum , not even ms . redgrave's noblest efforts can redeem it from hopeless sentimentality .",0
6302,"it's at once laughable and compulsively watchable , in its committed dumbness .",0
6112,"even in the summertime , the most restless young audience deserves the dignity of an action hero motivated by something more than franchise possibilities .",0
1921,worth watching for dong jie's performance -- and for the way it documents a culture in the throes of rapid change .,1
4117,falters when it takes itself too seriously and when it depends too heavily on its otherwise talented cast to clown in situations that aren't funny .,0
5169,. . . a hollow joke told by a cinematic gymnast having too much fun embellishing the misanthropic tale to actually engage it .,0
92,". . . a visually seductive , unrepentantly trashy take on rice's second installment of her vampire chronicles .",1
2559,"contando com uma premissa curiosa , o filme mergulha o espectador em um clima de forte suspense , culminando em um desfecho que certamente fica na memória .",1
5340,a film that clearly means to preach exclusively to the converted .,0
6266,"will give many ministers and bible-study groups hours of material to discuss . but mainstream audiences will find little of interest in this film , which is often preachy and poorly acted .",0
2749,the story has some nice twists but the ending and some of the back-story is a little tired . the performances are all solid ; it merely lacks originality to make it a great movie .,1
6824,"schnitzler's film has a great hook , some clever bits and well-drawn , if standard issue , characters , but is still only partly satisfying .",0
3947,"if hill isn't quite his generation's don siegel ( or robert aldrich ) , it's because there's no discernible feeling beneath the chest hair ; it's all bluster and cliché .",0
5481,"if you liked the 1982 film then , you'll still like it now .",0
3877,enough similarities to gymkata and howie long's firestorm that my fingernails instinctively crawled towards my long-suffering eyeballs .,0
3090,"a work of extraordinary journalism , but it is also a work of deft and subtle poetry .",1
6311,"the animation merely serves up a predictable , maudlin story that swipes heavily from bambi and the lion king , yet lacks the emotional resonance of either of those movies .",0
4583,"the first question to ask about bad company is why anthony hopkins is in it . we assume he had a bad run in the market or a costly divorce , because there is no earthly reason other than money why this distinguished actor would stoop so low .",0
2534,"stephen rea , aidan quinn , and alan bates play desmond's legal eagles , and when joined by brosnan , the sight of this grandiloquent quartet lolling in pretty irish settings is a pleasant enough thing , 'tis .",1
5661,the script becomes lifeless and falls apart like a cheap lawn chair .,0
3946,even murphy's expert comic timing and famed charisma can't rescue this effort .,0
386,"what the film lacks in general focus it makes up for in compassion , as corcuera manages to find the seeds of hope in the form of collective action .",1
6044,"overly stylized with lots of flash black-&-white freeze frames reminiscent of a pseudo-hip luxury car commercial , ( it's ) at its worst when it's actually inside the ring .",0
2014,one of [jaglom's] better efforts -- a wry and sometime bitter movie about love .,1
4703,"the actors pull out all the stops in nearly every scene , but to diminishing effect . the characters never change .",0
1,idiotic and ugly .,1
3489,"children may not understand everything that happens -- i'm not sure even miyazaki himself does -- but they will almost certainly be fascinated , and undoubtedly delighted .",1
4319,so bland and utterly forgettable that it might as well have been titled generic jennifer lopez romantic comedy .,0
741,"by the time we learn that andrew's turnabout is fair play is every bit as awful as borchardt's coven , we can enjoy it anyway .",1
3852,julia is played with exasperating blandness by laura regan .,0
2761,a startling and fresh examination of how the bike still remains an ambiguous icon in chinese society .,1
3871,"borstal boy represents the worst kind of filmmaking , the kind that pretends to be passionate and truthful but is really frustratingly timid and soggy .",0
3044,this examination of aquatic life off the shores of the baja california peninsula of mexico offers an engrossing way to demonstrate the virtues of the imax format .,1
4933,"a static and sugary little half-hour , after-school special about interfaith understanding , stretched out to 90 minutes .",0
1134,"the stunning , dreamlike visuals will impress even those viewers who have little patience for euro-film pretension .",1
214,could this be the first major studio production shot on video tape instead of film ?,1
3605,the director has injected self-consciousness into the proceedings at every turn . the results are far more alienating than involving .,0
3254,a literate presentation that wonderfully weaves a murderous event in 1873 with murderous rage in 2002 .,1
184,". . . while dark water isn't a complete wash ( no pun intended ) , watched side-by-side with ringu , it ultimately comes off as a pale successor .",1
6200,"possession is in the end an honorable , interesting failure . it falls far short of poetry , but it's not bad prose .",0
2359,"this concoction , so bizarre to the adult mind , is actually a charming triumph where its intended under-12 audience is concerned .",1
1894,"intriguing and beautiful film , but those of you who read the book are likely to be disappointed .",1
1289,"works because we're never sure if ohlinger's on the level or merely a dying , delusional man trying to get into the history books before he croaks .",1
3435,"land , people and narrative flow together in a stark portrait of motherhood deferred and desire explored .",1
183,you will emerge with a clearer view of how the gears of justice grind on and the death report comes to share airtime alongside the farm report .,1
3816,"[allen's] been making piffle for a long while , and hollywood ending may be his way of saying that piffle is all that the airhead movie business deserves from him right now .",0
6499,"nothing here seems as funny as it did in analyze this , not even joe viterelli as de niro's right-hand goombah .",0
627,"expands the limits of what a film can be , taking us into the lives of women to whom we might not give a second look if we passed them on the street .",1
97,thoroughly enjoyable .,1
6700,"an unremittingly ugly movie to look at , listen to , and think about , it is quite possibly the sturdiest example yet of why the dv revolution has cheapened the artistry of making a film .",0
5464,"the vampire thriller blade ii starts off as a wild hoot and then sucks the blood out of its fun – toward the end , you can feel your veins cringing from the workout .",0
6106,"much like robin williams , death to smoochy has already reached its expiration date .",0
2090,"left me with the visceral sensation of longing , lasting traces of charlotte's web of desire and desperation .",1
3687,these are textbook lives of quiet desperation .,0
6084,"it's so laddish and juvenile , only teenage boys could possibly find it funny .",0
1483,reign of fire looks as if it was made without much thought -- and is best watched that way .,1
2421,"a truly moving experience , and a perfect example of how art -- when done right -- can help heal , clarify , and comfort .",1
3408,"one of the best films of the year with its exquisite acting , inventive screenplay , mesmerizing music , and many inimitable scenes of tenderness , loss , discontent , and yearning .",1
6889,"[less a movie than] an appalling , odoriferous thing . . . so rotten in almost every single facet of production that you'll want to crawl up your own * * * in embarrassment .",0
7104,it's one pussy-ass world when even killer-thrillers revolve around group therapy sessions .,0
1378,"the laser-projected paintings provide a spell-casting beauty , while russell and dreyfus are a romantic pairing of hearts , preciously exposed as history corners them .",1
3197,". . . the one thing this wild film has that other imax films don't : chimps , lots of chimps , all blown up to the size of a house . that's fun for kids of any age .",1
1830,it rapidly develops into a gut-wrenching examination of the way cultural differences and emotional expectations collide .,1
5133,you may be galled that you've wasted nearly two hours of your own precious life with this silly little puddle of a movie .,0
3474,"director alfonso cuaron gets vivid , convincing performances from a fine cast , and generally keeps things going at a rapid pace , occasionally using an omniscient voice-over narrator in the manner of french new wave films .",1
3843,"schaeffer has to find some hook on which to hang his persistently useless movies , and it might as well be the resuscitation of the middle-aged character .",0
2506,"henry bean's thoughtful screenplay provides no easy answers , but offers a compelling investigation of faith versus intellect",1
1126,"it has the charm of the original american road movies , feasting on the gorgeous , ramshackle landscape of the filmmaker's motherland .",1
5761,this is amusing for about three minutes .,0
3233,a surprisingly charming and even witty match for the best of hollywood's comic-book adaptations .,1
1587,"remember the kind of movie we were hoping "" ecks vs . sever "" or "" xxx "" was going to be ? this is it .",1
3116,"it suggests the wide-ranging effects of media manipulation , from the kind of reporting that is done by the supposedly liberal media . . . to the intimate and ultimately tragic heartache of maverick individuals like hatfield and hicks .",1
5240,"lazy , miserable and smug . this is one of the biggest disappointments of the year .",0
5148,"when in doubt , the film ratchets up the stirring soundtrack , throws in a fish-out-of-water gag and lets the cliched dialogue rip . or else a doggie winks .",0
1115,"with a romantic comedy plotline straight from the ages , this cinderella story doesn't have a single surprise up its sleeve . but it does somehow manage to get you under its spell .",1
2731,"a violent initiation rite for the audience , as much as it is for angelique , the [opening] dance guarantees karmen's enthronement among the cinema's memorable women .",1
4327,clever but not especially compelling .,0
6142,"not every animated film from disney will become a classic , but forgive me if i've come to expect more from this studio than some 79-minute after-school "" cartoon "" .",0
1586,"it's a technically superb film , shining with all the usual spielberg flair , expertly utilizing the talents of his top-notch creative team .",1
3029,"a meditation on faith and madness , frailty is blood-curdling stuff .",1
